Workbook

Sheet FillTableArea
B1: ~TFM_FILL
B2: Operation_Sum_Avg_Count | C2: Attribute | D2: Year | E2: Scenario | F2: Pset_PN | G2: REG1
B3: A | C3: NCAP_PASTI | D3: 2022 | E3: BASE | F3: AFOCRPOFICERWTRE0 | G3: 953.47
B4: A | C4: NCAP_PASTI | D4: 2022 | E4: BASE | F4: AFOCRPOFIRICWTRE0
B5: A | C5: NCAP_PASTI | D5: 2022 | E5: BASE | F5: AFOCRPOFILEGWTRE0 | G5: 58.08
B6: A | C6: NCAP_PASTI | D6: 2022 | E6: BASE | F6: AFOCRPOFISEEWTRE0 | G6: 127.38
B7: A | C7: NCAP_PASTI | D7: 2022 | E7: BASE | F7: AFOCRPOFIFCRWTRE0
B8: A | C8: NCAP_PASTI | D8: 2022 | E8: BASE | F8: AFOCRPOFIVEGWTRE0 | G8: 2.576
B9: A | C9: NCAP_PASTI | D9: 2022 | E9: BASE | F9: AFOCRPOFIWCRWTRE0 | G9: 2.29
B10: A | C10: NCAP_PASTI | D10: 2022 | E10: BASE | F10: AFOCRPOFIROOWTRE0 | G10: 54.41
B11: A | C11: NCAP_PASTI | D11: 2022 | E11: BASE | F11: AFOCRPOFIHAGWTRE0 | G11: 4.84
B12: A | C12: NCAP_PASTI | D12: 2022 | E12: BASE | F12: AFOCRPGRHLEGWTRE0 | G12: 0
B13: A | C13: NCAP_PASTI | D13: 2022 | E13: BASE | F13: AFOCRPGRHVEGWTRE0 | G13: 0
B14: A | C14: NCAP_PASTI | D14: 2022 | E14: BASE | F14: AFOCRPGRHWCRWTRE0 | G14: 0
B15: A | C15: NCAP_PASTI | D15: 2022 | E15: BASE | F15: AFOCRPGRHHAGWTRE0 | G15: 0
B16: A | C16: NCAP_PASTI | D16: 2022 | E16: BASE | F16: AFOCRPAQPVEGWTRE0 | G16: 0
B17: A | C17: NCAP_PASTI | D17: 2022 | E17: BASE | F17: AFOCRPAQPHAGWTRE0 | G17: 0
B18: A | C18: NCAP_PASTI | D18: 2022 | E18: BASE | F18: AFOCRPOFOCERWTRE0 | G18: 0
B19: A | C19: NCAP_PASTI | D19: 2022 | E19: BASE | F19: AFOCRPOFORICWTRE0
B20: A | C20: NCAP_PASTI | D20: 2022 | E20: BASE | F20: AFOCRPOFOLEGWTRE0 | G20: 0
B21: A | C21: NCAP_PASTI | D21: 2022 | E21: BASE | F21: AFOCRPOFOSEEWTRE0 | G21: 0
B22: A | C22: NCAP_PASTI | D22: 2022 | E22: BASE | F22: AFOCRPOFOFCRWTRE0
B23: A | C23: NCAP_PASTI | D23: 2022 | E23: BASE | F23: AFOCRPOFOVEGWTRE0 | G23: 0.644
B24: A | C24: NCAP_PASTI | D24: 2022 | E24: BASE | F24: AFOCRPOFOWCRWTRE0 | G24: 0
B25: A | C25: NCAP_PASTI | D25: 2022 | E25: BASE | F25: AFOCRPOFOROOWTRE0 | G25: 0
B26: A | C26: NCAP_PASTI | D26: 2022 | E26: BASE | F26: AFOCRPOFOHAGWTRE0 | G26: 0
B27: A | C27: NCAP_PASTI | D27: 2022 | E27: BASE | F27: AFOFRSNRGFE0 | G27: 27980
B28: A | C28: NCAP_PASTI | D28: 2022 | E28: BASE | F28: AFOPASNATGEPWTRE0 | G28: 1513

Sheet FillTableGrassing
B1: ~TFM_FILL
B2: Operation_Sum_Avg_Count | C2: Attribute | D2: Year | E2: Scenario | F2: Pset_PN | G2: REG1
B3: A | C3: NCAP_PASTI | D3: 2022 | E3: BASE | F3: AFOLIVGRSASSWTRE0
B4: A | C4: NCAP_PASTI | D4: 2022 | E4: BASE | F4: AFOLIVGRSBUFWTRE0
B5: A | C5: NCAP_PASTI | D5: 2022 | E5: BASE | F5: AFOLIVGRSCAMWTRE0
B6: A | C6: NCAP_PASTI | D6: 2022 | E6: BASE | F6: AFOLIVGRSCADWTRE0 | G6: 148.835
B7: A | C7: NCAP_PASTI | D7: 2022 | E7: BASE | F7: AFOLIVGRSCANWTRE0 | G7: 546.44
B8: A | C8: NCAP_PASTI | D8: 2022 | E8: BASE | F8: AFOLIVGRSGOAWTRE0 | G8: 6
B9: A | C9: NCAP_PASTI | D9: 2022 | E9: BASE | F9: AFOLIVGRSHORWTRE0 | G9: 53.328
B10: A | C10: NCAP_PASTI | D10: 2022 | E10: BASE | F10: AFOLIVGRSLLAWTRE0
B11: A | C11: NCAP_PASTI | D11: 2022 | E11: BASE | F11: AFOLIVGRSMULWTRE0
B12: A | C12: NCAP_PASTI | D12: 2022 | E12: BASE | F12: AFOLIVGRSSHPWTRE0 | G12: 170.42
B13: A | C13: NCAP_PASTI | D13: 2022 | E13: BASE | F13: AFOLIVGRSSWBWTRE0 | G13: 70.8135
B14: A | C14: NCAP_PASTI | D14: 2022 | E14: BASE | F14: AFOLIVGRSSWMWTRE0 | G14: 637.3215
B15: A | C15: NCAP_PASTI | D15: 2022 | E15: BASE | F15: AFOLIVGRSPOUWTRE0 | G15: 11582.69

Sheet AreaUse
A1: UC - Each Region/Period
B2: ~UC_Sets: R_E: AllRegions | I2: Allowed increase | J2: 1
B3: ~UC_Sets: T_E:
E4: ~UC_T: UC_RHSRT
B5: UC_N | C5: Pset_PN | D5: Year | E5: LimType | F5: UC_CAP | G5: REG1 | H5: UC_Desc
B6: UC_AreaUse | C6: AFOCRP*E0,AFOFRSNRGFE0,AFOPASNATGEPWTRE0 | D6: 0 | E6: UP | F6: 1 | G6: 5 | H6: Restriction on the area use for crop and forest land
C7: AFOCRP*E0,AFOFRSNRGFE0,AFOPASNATGEPWTRE0 | D7: 2022 | E7: UP | F7: 1 | G7: =SUM(FillTableArea!G:G) -> 30696.69
C8: AFOCRP*E0,AFOFRSNRGFE0,AFOPASNATGEPWTRE0 | D8: 2050 | E8: UP | F8: 1 | G8: =G7*$J$2 -> 30696.69

Sheet GrassingPastures
A1: UC - Each Region/Period
B2: ~UC_Sets: R_E: AllRegions
B3: ~UC_Sets: T_E:
E4: ~UC_T: UC_RHSRT
B5: UC_N | C5: Pset_PN | D5: Year | E5: LimType | F5: UC_CAP~REG1 | G5: UC_RHSRT | H5: UC_RHSRT~0 | I5: UC_Desc
B6: =IF(MID(C6,4,3)="LIV",IF(SUM(F7:F7)=0,"\I:","UC_"&MID(C6,10,3)&"_Pasture"),IF(B5<>"\I:","","\I:")) -> \I: | C6: AFOLIVGRSASSWTRE0 | D6: 2022 | E6: UP | F6: =IF(MID($C6,4,3)<>"PAS",1,-SUMIF(FillTableGrassing!$F:$F,GrassingPastures!$C5,FillTableGrassing!G:G)/FillTableArea!G$28) -> 1 | G6: =IF(B6<>"",0,"") -> 0 | H6: =IF(B6<>"",5,"") -> 5 | I6: =IF(B6<>"","Restriction on the grassing "&MID(C6,10,3)&" to fit with area use of pasture","") -> Restriction on the grassing ASS to fit with area use of pasture
B7: =IF(MID(C7,4,3)="LIV",IF(SUM(F8:F8)=0,"\I:","UC_"&MID(C7,10,3)&"_Pasture"),IF(B6<>"\I:","","\I:")) -> \I: | C7: AFOPASNATGEPWTRE0 | D7: 2022 | E7: UP | F7: =IF(MID($C7,4,3)<>"PAS",1,-SUMIF(FillTableGrassing!$F:$F,GrassingPastures!$C6,FillTableGrassing!G:G)/FillTableArea!G$28) -> 0 | G7: =IF(B7<>"",0,"") -> 0 | H7: =IF(B7<>"",5,"") -> 5 | I7: =IF(B7<>"","Restriction on the grassing "&MID(C7,10,3)&" to fit with area use of pasture","") -> Restriction on the grassing GEP to fit with area use of pasture
B8: =IF(MID(C8,4,3)="LIV",IF(SUM(F9:F9)=0,"\I:","UC_"&MID(C8,10,3)&"_Pasture"),IF(B7<>"\I:","","\I:")) -> \I: | C8: AFOLIVGRSBUFWTRE0 | D8: 2022 | E8: UP | F8: =IF(MID($C8,4,3)<>"PAS",1,-SUMIF(FillTableGrassing!$F:$F,GrassingPastures!$C7,FillTableGrassing!G:G)/FillTableArea!G$28) -> 1 | G8: =IF(B8<>"",0,"") -> 0 | H8: =IF(B8<>"",5,"") -> 5 | I8: =IF(B8<>"","Restriction on the grassing "&MID(C8,10,3)&" to fit with area use of pasture","") -> Restriction on the grassing BUF to fit with area use of pasture
B9: =IF(MID(C9,4,3)="LIV",IF(SUM(F10:F10)=0,"\I:","UC_"&MID(C9,10,3)&"_Pasture"),IF(B8<>"\I:","","\I:")) -> \I: | C9: AFOPASNATGEPWTRE0 | D9: 2022 | E9: UP | F9: =IF(MID($C9,4,3)<>"PAS",1,-SUMIF(FillTableGrassing!$F:$F,GrassingPastures!$C8,FillTableGrassing!G:G)/FillTableArea!G$28) -> 0 | G9: =IF(B9<>"",0,"") -> 0 | H9: =IF(B9<>"",5,"") -> 5 | I9: =IF(B9<>"","Restriction on the grassing "&MID(C9,10,3)&" to fit with area use of pasture","") -> Restriction on the grassing GEP to fit with area use of pasture
B10: =IF(MID(C10,4,3)="LIV",IF(SUM(F11:F11)=0,"\I:","UC_"&MID(C10,10,3)&"_Pasture"),IF(B9<>"\I:","","\I:")) -> \I: | C10: AFOLIVGRSCAMWTRE0 | D10: 2022 | E10: UP | F10: =IF(MID($C10,4,3)<>"PAS",1,-SUMIF(FillTableGrassing!$F:$F,GrassingPastures!$C9,FillTableGrassing!G:G)/FillTableArea!G$28) -> 1 | G10: =IF(B10<>"",0,"") -> 0 | H10: =IF(B10<>"",5,"") -> 5 | I10: =IF(B10<>"","Restriction on the grassing "&MID(C10,10,3)&" to fit with area use of pasture","") -> Restriction on the grassing CAM to fit with area use of pasture
B11: =IF(MID(C11,4,3)="LIV",IF(SUM(F12:F12)=0,"\I:","UC_"&MID(C11,10,3)&"_Pasture"),IF(B10<>"\I:","","\I:")) -> \I: | C11: AFOPASNATGEPWTRE0 | D11: 2022 | E11: UP | F11: =IF(MID($C11,4,3)<>"PAS",1,-SUMIF(FillTableGrassing!$F:$F,GrassingPastures!$C10,FillTableGrassing!G:G)/FillTableArea!G$28) -> 0 | G11: =IF(B11<>"",0,"") -> 0 | H11: =IF(B11<>"",5,"") -> 5 | I11: =IF(B11<>"","Restriction on the grassing "&MID(C11,10,3)&" to fit with area use of pasture","") -> Restriction on the grassing GEP to fit with area use of pasture
B12: =IF(MID(C12,4,3)="LIV",IF(SUM(F13:F13)=0,"\I:","UC_"&MID(C12,10,3)&"_Pasture"),IF(B11<>"\I:","","\I:")) -> UC_CAD_Pasture | C12: AFOLIVGRSCADWTRE0 | D12: 2022 | E12: UP | F12: =IF(MID($C12,4,3)<>"PAS",1,-SUMIF(FillTableGrassing!$F:$F,GrassingPastures!$C11,FillTableGrassing!G:G)/FillTableArea!G$28) -> 1 | G12: =IF(B12<>"",0,"") -> 0 | H12: =IF(B12<>"",5,"") -> 5 | I12: =IF(B12<>"","Restriction on the grassing "&MID(C12,10,3)&" to fit with area use of pasture","") -> Restriction on the grassing CAD to fit with area use of pasture
B13: =IF(MID(C13,4,3)="LIV",IF(SUM(F14:F14)=0,"\I:","UC_"&MID(C13,10,3)&"_Pasture"),IF(B12<>"\I:","","\I:")) | C13: AFOPASNATGEPWTRE0 | D13: 2022 | E13: UP | F13: =IF(MID($C13,4,3)<>"PAS",1,-SUMIF(FillTableGrassing!$F:$F,GrassingPastures!$C12,FillTableGrassing!G:G)/FillTableArea!G$28) -> -0.098370787 | G13: =IF(B13<>"",0,"") | H13: =IF(B13<>"",5,"") | I13: =IF(B13<>"","Restriction on the grassing "&MID(C13,10,3)&" to fit with area use of pasture","")
B14: =IF(MID(C14,4,3)="LIV",IF(SUM(F15:F15)=0,"\I:","UC_"&MID(C14,10,3)&"_Pasture"),IF(B13<>"\I:","","\I:")) -> UC_CAN_Pasture | C14: AFOLIVGRSCANWTRE0 | D14: 2022 | E14: UP | F14: =IF(MID($C14,4,3)<>"PAS",1,-SUMIF(FillTableGrassing!$F:$F,GrassingPastures!$C13,FillTableGrassing!G:G)/FillTableArea!G$28) -> 1 | G14: =IF(B14<>"",0,"") -> 0 | H14: =IF(B14<>"",5,"") -> 5 | I14: =IF(B14<>"","Restriction on the grassing "&MID(C14,10,3)&" to fit with area use of pasture","") -> Restriction on the grassing CAN to fit with area use of pasture
B15: =IF(MID(C15,4,3)="LIV",IF(SUM(F16:F16)=0,"\I:","UC_"&MID(C15,10,3)&"_Pasture"),IF(B14<>"\I:","","\I:")) | C15: AFOPASNATGEPWTRE0 | D15: 2022 | E15: UP | F15: =IF(MID($C15,4,3)<>"PAS",1,-SUMIF(FillTableGrassing!$F:$F,GrassingPastures!$C14,FillTableGrassing!G:G)/FillTableArea!G$28) -> -0.36116325 | G15: =IF(B15<>"",0,"") | H15: =IF(B15<>"",5,"") | I15: =IF(B15<>"","Restriction on the grassing "&MID(C15,10,3)&" to fit with area use of pasture","")
B16: =IF(MID(C16,4,3)="LIV",IF(SUM(F17:F17)=0,"\I:","UC_"&MID(C16,10,3)&"_Pasture"),IF(B15<>"\I:","","\I:")) -> UC_GOA_Pasture | C16: AFOLIVGRSGOAWTRE0 | D16: 2022 | E16: UP | F16: =IF(MID($C16,4,3)<>"PAS",1,-SUMIF(FillTableGrassing!$F:$F,GrassingPastures!$C15,FillTableGrassing!G:G)/FillTableArea!G$28) -> 1 | G16: =IF(B16<>"",0,"") -> 0 | H16: =IF(B16<>"",5,"") -> 5 | I16: =IF(B16<>"","Restriction on the grassing "&MID(C16,10,3)&" to fit with area use of pasture","") -> Restriction on the grassing GOA to fit with area use of pasture
B17: =IF(MID(C17,4,3)="LIV",IF(SUM(F18:F18)=0,"\I:","UC_"&MID(C17,10,3)&"_Pasture"),IF(B16<>"\I:","","\I:")) | C17: AFOPASNATGEPWTRE0 | D17: 2022 | E17: UP | F17: =IF(MID($C17,4,3)<>"PAS",1,-SUMIF(FillTableGrassing!$F:$F,GrassingPastures!$C16,FillTableGrassing!G:G)/FillTableArea!G$28) -> -0.0039656312 | G17: =IF(B17<>"",0,"") | H17: =IF(B17<>"",5,"") | I17: =IF(B17<>"","Restriction on the grassing "&MID(C17,10,3)&" to fit with area use of pasture","")
... B31: =IF(MID(C31,4,3)="LIV",IF(SUM(F32:F32)=0,"\I:","UC_"&MID(C31,10,3)&"_Pasture"),IF(B30<>"\I:","","\I:")) | C31: AFOPASNATGEPWTRE0 | D31: 2022 | E31: UP | F31: =IF(MID($C31,4,3)<>"PAS",1,-SUMIF(FillTableGrassing!$F:$F,GrassingPastures!$C30,FillTableGrassing!G:G)/FillTableArea!G$28) -> -7.6554458 | G31: =IF(B31<>"",0,"") | H31: =IF(B31<>"",5,"") | I31: =IF(B31<>"","Restriction on the grassing "&MID(C31,10,3)&" to fit with area use of pasture","")
